user_id,item_id,category_id,behavior_type,event_time
52,34,4,cart,2026-01-01 00:00:00
93,47,10,view,2026-01-01 00:01:00
15,8,6,view,2026-01-01 00:02:00
72,40,7,cart,2026-01-01 00:03:00
61,49,2,view,2026-01-01 00:04:00
21,44,6,view,2026-01-01 00:05:00
83,19,7,view,2026-01-01 00:06:00
87,42,10,view,2026-01-01 00:07:00
75,41,10,cart,2026-01-01 00:08:00
75,37,2,view,2026-01-01 00:09:00
88,6,2,view,2026-01-01 00:10:00
100,26,10,fav,2026-01-01 00:11:00
24,34,7,fav,2026-01-01 00:12:00
3,45,1,fav,2026-01-01 00:13:00
22,6,8,view,2026-01-01 00:14:00
53,37,3,view,2026-01-01 00:15:00
2,33,6,buy,2026-01-01 00:16:00
88,22,9,cart,2026-01-01 00:17:00
30,21,6,view,2026-01-01 00:18:00
38,6,9,view,2026-01-01 00:19:00
2,6,7,view,2026-01-01 00:20:00
64,48,9,fav,2026-01-01 00:21:00
60,4,2,view,2026-01-01 00:22:00
21,30,8,view,2026-01-01 00:23:00
33,11,8,view,2026-01-01 00:24:00
76,30,2,view,2026-01-01 00:25:00
58,31,4,cart,2026-01-01 00:26:00
22,24,7,view,2026-01-01 00:27:00
89,9,4,cart,2026-01-01 00:28:00
49,3,4,buy,2026-01-01 00:29:00
91,31,6,view,2026-01-01 00:30:00
59,40,10,view,2026-01-01 00:31:00
42,37,6,view,2026-01-01 00:32:00
92,36,10,cart,2026-01-01 00:33:00
60,24,3,view,2026-01-01 00:34:00
80,31,9,view,2026-01-01 00:35:00
15,6,10,cart,2026-01-01 00:36:00
62,2,2,view,2026-01-01 00:37:00
62,20,6,fav,2026-01-01 00:38:00
47,28,7,view,2026-01-01 00:39:00
62,11,9,view,2026-01-01 00:40:00
51,4,3,view,2026-01-01 00:41:00
55,15,10,cart,2026-01-01 00:42:00
64,6,3,view,2026-01-01 00:43:00
3,49,7,fav,2026-01-01 00:44:00
51,30,4,fav,2026-01-01 00:45:00
7,38,8,view,2026-01-01 00:46:00
21,2,7,buy,2026-01-01 00:47:00
73,15,5,view,2026-01-01 00:48:00
39,11,7,view,2026-01-01 00:49:00
18,8,3,view,2026-01-01 00:50:00
4,26,2,fav,2026-01-01 00:51:00
89,45,6,view,2026-01-01 00:52:00
60,44,2,view,2026-01-01 00:53:00
14,5,3,view,2026-01-01 00:54:00
9,6,6,view,2026-01-01 00:55:00
90,26,5,view,2026-01-01 00:56:00
53,4,8,fav,2026-01-01 00:57:00
2,19,9,cart,2026-01-01 00:58:00
84,20,3,view,2026-01-01 00:59:00
92,33,10,buy,2026-01-01 01:00:00
60,20,3,view,2026-01-01 01:01:00
71,49,3,buy,2026-01-01 01:02:00
44,12,6,view,2026-01-01 01:03:00
8,47,1,view,2026-01-01 01:04:00
47,1,7,view,2026-01-01 01:05:00
35,26,1,fav,2026-01-01 01:06:00
78,14,5,view,2026-01-01 01:07:00
81,38,10,view,2026-01-01 01:08:00
36,37,8,view,2026-01-01 01:09:00
50,11,4,view,2026-01-01 01:10:00
4,36,5,view,2026-01-01 01:11:00
2,13,4,view,2026-01-01 01:12:00
6,43,4,fav,2026-01-01 01:13:00
54,3,8,view,2026-01-01 01:14:00
4,33,2,view,2026-01-01 01:15:00
54,6,1,view,2026-01-01 01:16:00
93,50,3,fav,2026-01-01 01:17:00
63,10,9,cart,2026-01-01 01:18:00
18,5,4,view,2026-01-01 01:19:00
90,23,10,view,2026-01-01 01:20:00
44,10,5,view,2026-01-01 01:21:00
34,44,2,view,2026-01-01 01:22:00
74,2,4,cart,2026-01-01 01:23:00
62,13,2,view,2026-01-01 01:24:00
100,40,2,view,2026-01-01 01:25:00
14,2,4,view,2026-01-01 01:26:00
95,20,6,cart,2026-01-01 01:27:00
48,1,7,view,2026-01-01 01:28:00
15,37,10,view,2026-01-01 01:29:00
72,9,3,view,2026-01-01 01:30:00
78,17,3,cart,2026-01-01 01:31:00
87,9,10,view,2026-01-01 01:32:00
62,11,6,view,2026-01-01 01:33:00
40,15,3,view,2026-01-01 01:34:00
85,24,2,view,2026-01-01 01:35:00
80,38,8,view,2026-01-01 01:36:00
82,35,5,view,2026-01-01 01:37:00
53,30,1,view,2026-01-01 01:38:00
24,31,3,view,2026-01-01 01:39:00
26,49,10,view,2026-01-01 01:40:00
89,5,8,cart,2026-01-01 01:41:00
60,44,4,view,2026-01-01 01:42:00
41,50,7,buy,2026-01-01 01:43:00
29,14,10,view,2026-01-01 01:44:00
15,11,2,view,2026-01-01 01:45:00
45,9,7,view,2026-01-01 01:46:00
65,34,5,view,2026-01-01 01:47:00
89,12,5,view,2026-01-01 01:48:00
71,35,6,view,2026-01-01 01:49:00
9,35,9,view,2026-01-01 01:50:00
88,1,6,fav,2026-01-01 01:51:00
1,40,8,view,2026-01-01 01:52:00
8,22,7,cart,2026-01-01 01:53:00
88,29,9,view,2026-01-01 01:54:00
63,8,4,view,2026-01-01 01:55:00
11,11,2,view,2026-01-01 01:56:00
81,41,7,view,2026-01-01 01:57:00
8,37,6,view,2026-01-01 01:58:00
35,14,1,view,2026-01-01 01:59:00
35,30,9,view,2026-01-01 02:00:00
33,35,9,view,2026-01-01 02:01:00
5,21,2,view,2026-01-01 02:02:00
41,37,3,fav,2026-01-01 02:03:00
28,5,5,fav,2026-01-01 02:04:00
7,19,5,cart,2026-01-01 02:05:00
73,14,1,cart,2026-01-01 02:06:00
72,26,8,view,2026-01-01 02:07:00
12,4,8,view,2026-01-01 02:08:00
34,25,4,fav,2026-01-01 02:09:00
33,45,7,view,2026-01-01 02:10:00
48,42,10,view,2026-01-01 02:11:00
23,25,3,view,2026-01-01 02:12:00
62,18,6,view,2026-01-01 02:13:00
88,40,10,view,2026-01-01 02:14:00
37,8,10,fav,2026-01-01 02:15:00
99,39,9,view,2026-01-01 02:16:00
44,40,1,view,2026-01-01 02:17:00
86,14,5,buy,2026-01-01 02:18:00
91,32,4,view,2026-01-01 02:19:00
35,38,8,view,2026-01-01 02:20:00
65,33,1,view,2026-01-01 02:21:00
99,23,9,view,2026-01-01 02:22:00
47,15,6,fav,2026-01-01 02:23:00
78,33,4,view,2026-01-01 02:24:00
3,25,9,fav,2026-01-01 02:25:00
1,17,5,view,2026-01-01 02:26:00
5,33,5,fav,2026-01-01 02:27:00
90,47,5,cart,2026-01-01 02:28:00
14,2,1,cart,2026-01-01 02:29:00
27,14,1,view,2026-01-01 02:30:00
9,40,8,buy,2026-01-01 02:31:00
79,40,8,view,2026-01-01 02:32:00
15,39,6,view,2026-01-01 02:33:00
90,6,4,cart,2026-01-01 02:34:00
42,6,2,view,2026-01-01 02:35:00
77,3,2,fav,2026-01-01 02:36:00
51,7,9,view,2026-01-01 02:37:00
63,8,5,view,2026-01-01 02:38:00
96,42,4,view,2026-01-01 02:39:00
52,15,10,view,2026-01-01 02:40:00
96,47,1,view,2026-01-01 02:41:00
4,29,7,view,2026-01-01 02:42:00
94,33,3,view,2026-01-01 02:43:00
23,30,6,view,2026-01-01 02:44:00
15,39,5,view,2026-01-01 02:45:00
43,27,5,view,2026-01-01 02:46:00
29,36,5,view,2026-01-01 02:47:00
36,29,1,view,2026-01-01 02:48:00
13,38,1,view,2026-01-01 02:49:00
32,33,3,fav,2026-01-01 02:50:00
71,37,10,fav,2026-01-01 02:51:00
59,27,4,view,2026-01-01 02:52:00
86,33,5,view,2026-01-01 02:53:00
28,4,2,fav,2026-01-01 02:54:00
66,22,8,view,2026-01-01 02:55:00
42,2,2,view,2026-01-01 02:56:00
45,10,9,view,2026-01-01 02:57:00
62,5,2,cart,2026-01-01 02:58:00
57,10,9,view,2026-01-01 02:59:00
6,33,7,view,2026-01-01 03:00:00
28,38,8,buy,2026-01-01 03:01:00
28,13,2,fav,2026-01-01 03:02:00
44,31,7,view,2026-01-01 03:03:00
84,47,6,view,2026-01-01 03:04:00
30,36,4,cart,2026-01-01 03:05:00
62,45,7,view,2026-01-01 03:06:00
75,24,4,view,2026-01-01 03:07:00
92,15,2,view,2026-01-01 03:08:00
89,29,10,fav,2026-01-01 03:09:00
62,8,7,view,2026-01-01 03:10:00
97,5,8,cart,2026-01-01 03:11:00
1,29,2,fav,2026-01-01 03:12:00
27,47,5,view,2026-01-01 03:13:00
62,4,1,view,2026-01-01 03:14:00
77,12,7,view,2026-01-01 03:15:00
3,45,8,view,2026-01-01 03:16:00
70,2,6,view,2026-01-01 03:17:00
72,27,5,cart,2026-01-01 03:18:00
27,31,6,view,2026-01-01 03:19:00
9,36,2,fav,2026-01-01 03:20:00
62,36,1,view,2026-01-01 03:21:00
37,26,7,view,2026-01-01 03:22:00
97,43,7,view,2026-01-01 03:23:00
51,27,10,view,2026-01-01 03:24:00
44,5,10,view,2026-01-01 03:25:00
24,20,2,view,2026-01-01 03:26:00
79,11,2,view,2026-01-01 03:27:00
59,10,1,view,2026-01-01 03:28:00
32,40,10,view,2026-01-01 03:29:00
96,38,8,view,2026-01-01 03:30:00
88,6,8,view,2026-01-01 03:31:00
52,8,1,buy,2026-01-01 03:32:00
62,23,8,view,2026-01-01 03:33:00
58,47,9,view,2026-01-01 03:34:00
52,26,4,view,2026-01-01 03:35:00
12,46,1,view,2026-01-01 03:36:00
39,43,1,view,2026-01-01 03:37:00
2,12,3,view,2026-01-01 03:38:00
3,26,5,view,2026-01-01 03:39:00
56,13,5,view,2026-01-01 03:40:00
81,40,9,view,2026-01-01 03:41:00
59,18,10,view,2026-01-01 03:42:00
2,25,2,view,2026-01-01 03:43:00
2,33,2,buy,2026-01-01 03:44:00
92,47,6,view,2026-01-01 03:45:00
54,40,9,view,2026-01-01 03:46:00
87,43,1,view,2026-01-01 03:47:00
96,12,9,view,2026-01-01 03:48:00
97,44,9,view,2026-01-01 03:49:00
1,36,9,view,2026-01-01 03:50:00
19,48,5,view,2026-01-01 03:51:00
2,4,9,view,2026-01-01 03:52:00
53,5,4,view,2026-01-01 03:53:00
44,37,2,view,2026-01-01 03:54:00
90,8,6,view,2026-01-01 03:55:00
32,42,4,view,2026-01-01 03:56:00
70,49,6,view,2026-01-01 03:57:00
32,28,3,cart,2026-01-01 03:58:00
68,31,6,view,2026-01-01 03:59:00
55,9,2,view,2026-01-01 04:00:00
75,29,2,view,2026-01-01 04:01:00
56,14,9,fav,2026-01-01 04:02:00
17,40,7,view,2026-01-01 04:03:00
38,41,3,view,2026-01-01 04:04:00
24,22,1,view,2026-01-01 04:05:00
69,11,8,view,2026-01-01 04:06:00
98,23,6,view,2026-01-01 04:07:00
70,1,7,view,2026-01-01 04:08:00
86,46,9,fav,2026-01-01 04:09:00
11,37,5,view,2026-01-01 04:10:00
16,21,1,view,2026-01-01 04:11:00
97,26,10,buy,2026-01-01 04:12:00
73,46,7,view,2026-01-01 04:13:00
59,36,5,view,2026-01-01 04:14:00
70,23,3,view,2026-01-01 04:15:00
80,1,9,view,2026-01-01 04:16:00
93,40,1,view,2026-01-01 04:17:00
3,15,1,fav,2026-01-01 04:18:00
20,21,1,view,2026-01-01 04:19:00
59,47,3,view,2026-01-01 04:20:00
36,9,6,view,2026-01-01 04:21:00
19,9,10,cart,2026-01-01 04:22:00
90,10,3,buy,2026-01-01 04:23:00
67,26,8,cart,2026-01-01 04:24:00
19,41,10,view,2026-01-01 04:25:00
20,35,2,view,2026-01-01 04:26:00
96,25,9,view,2026-01-01 04:27:00
71,26,3,view,2026-01-01 04:28:00
52,11,5,view,2026-01-01 04:29:00
33,38,10,view,2026-01-01 04:30:00
40,2,8,view,2026-01-01 04:31:00
39,7,2,view,2026-01-01 04:32:00
82,18,6,view,2026-01-01 04:33:00
1,27,5,view,2026-01-01 04:34:00
11,34,10,view,2026-01-01 04:35:00
92,27,9,view,2026-01-01 04:36:00
57,17,5,view,2026-01-01 04:37:00
89,43,2,cart,2026-01-01 04:38:00
50,44,5,view,2026-01-01 04:39:00
23,24,4,view,2026-01-01 04:40:00
31,25,7,view,2026-01-01 04:41:00
94,7,6,fav,2026-01-01 04:42:00
42,6,2,view,2026-01-01 04:43:00
99,24,5,view,2026-01-01 04:44:00
7,33,7,view,2026-01-01 04:45:00
16,49,7,view,2026-01-01 04:46:00
90,29,5,view,2026-01-01 04:47:00
60,43,9,view,2026-01-01 04:48:00
2,22,4,fav,2026-01-01 04:49:00
1,26,3,view,2026-01-01 04:50:00
48,28,4,fav,2026-01-01 04:51:00
12,50,5,view,2026-01-01 04:52:00
69,21,6,view,2026-01-01 04:53:00
37,49,3,fav,2026-01-01 04:54:00
32,7,2,view,2026-01-01 04:55:00
9,17,4,view,2026-01-01 04:56:00
99,20,5,view,2026-01-01 04:57:00
19,41,4,view,2026-01-01 04:58:00
48,49,3,view,2026-01-01 04:59:00
80,20,8,view,2026-01-01 05:00:00
3,22,10,view,2026-01-01 05:01:00
20,28,4,view,2026-01-01 05:02:00
24,40,2,view,2026-01-01 05:03:00
54,49,2,view,2026-01-01 05:04:00
33,7,1,view,2026-01-01 05:05:00
24,1,4,view,2026-01-01 05:06:00
75,32,10,view,2026-01-01 05:07:00
72,13,9,view,2026-01-01 05:08:00
36,30,7,cart,2026-01-01 05:09:00
38,23,10,view,2026-01-01 05:10:00
84,19,7,view,2026-01-01 05:11:00
99,32,7,view,2026-01-01 05:12:00
89,30,8,view,2026-01-01 05:13:00
99,29,1,view,2026-01-01 05:14:00
25,49,10,cart,2026-01-01 05:15:00
93,45,10,view,2026-01-01 05:16:00
18,29,8,cart,2026-01-01 05:17:00
82,30,4,cart,2026-01-01 05:18:00
66,16,4,fav,2026-01-01 05:19:00
54,40,4,fav,2026-01-01 05:20:00
35,19,6,view,2026-01-01 05:21:00
80,18,7,view,2026-01-01 05:22:00
61,1,6,view,2026-01-01 05:23:00
41,14,1,view,2026-01-01 05:24:00
100,47,8,view,2026-01-01 05:25:00
33,50,10,view,2026-01-01 05:26:00
68,2,7,view,2026-01-01 05:27:00
33,28,6,view,2026-01-01 05:28:00
14,49,6,view,2026-01-01 05:29:00
21,50,5,view,2026-01-01 05:30:00
48,30,6,view,2026-01-01 05:31:00
20,38,9,fav,2026-01-01 05:32:00
8,4,10,view,2026-01-01 05:33:00
7,1,9,view,2026-01-01 05:34:00
67,8,10,view,2026-01-01 05:35:00
17,29,8,view,2026-01-01 05:36:00
33,39,10,view,2026-01-01 05:37:00
48,3,9,view,2026-01-01 05:38:00
76,32,10,view,2026-01-01 05:39:00
59,10,8,view,2026-01-01 05:40:00
86,10,8,view,2026-01-01 05:41:00
22,19,1,view,2026-01-01 05:42:00
30,46,10,view,2026-01-01 05:43:00
38,34,5,view,2026-01-01 05:44:00
51,33,4,view,2026-01-01 05:45:00
54,23,2,buy,2026-01-01 05:46:00
8,28,8,view,2026-01-01 05:47:00
27,32,3,view,2026-01-01 05:48:00
27,50,4,view,2026-01-01 05:49:00
98,7,7,view,2026-01-01 05:50:00
21,29,10,view,2026-01-01 05:51:00
30,8,9,view,2026-01-01 05:52:00
97,1,2,buy,2026-01-01 05:53:00
28,3,3,view,2026-01-01 05:54:00
64,24,4,view,2026-01-01 05:55:00
97,23,10,view,2026-01-01 05:56:00
69,8,1,view,2026-01-01 05:57:00
61,47,7,view,2026-01-01 05:58:00
48,37,2,view,2026-01-01 05:59:00
19,3,5,cart,2026-01-01 06:00:00
4,33,1,view,2026-01-01 06:01:00
35,28,3,view,2026-01-01 06:02:00
64,47,2,fav,2026-01-01 06:03:00
49,8,1,view,2026-01-01 06:04:00
17,34,7,buy,2026-01-01 06:05:00
44,35,5,view,2026-01-01 06:06:00
92,32,1,fav,2026-01-01 06:07:00
30,24,6,view,2026-01-01 06:08:00
93,14,5,cart,2026-01-01 06:09:00
46,32,3,buy,2026-01-01 06:10:00
6,46,7,view,2026-01-01 06:11:00
99,43,10,buy,2026-01-01 06:12:00
37,16,9,view,2026-01-01 06:13:00
24,4,9,view,2026-01-01 06:14:00
93,37,9,view,2026-01-01 06:15:00
46,21,2,view,2026-01-01 06:16:00
53,14,3,view,2026-01-01 06:17:00
95,31,7,view,2026-01-01 06:18:00
99,48,5,view,2026-01-01 06:19:00
60,18,2,cart,2026-01-01 06:20:00
97,7,3,cart,2026-01-01 06:21:00
63,10,10,view,2026-01-01 06:22:00
85,7,6,view,2026-01-01 06:23:00
32,33,7,view,2026-01-01 06:24:00
87,23,9,view,2026-01-01 06:25:00
33,21,1,view,2026-01-01 06:26:00
67,19,7,view,2026-01-01 06:27:00
18,48,8,view,2026-01-01 06:28:00
25,19,3,buy,2026-01-01 06:29:00
95,36,4,view,2026-01-01 06:30:00
54,29,10,view,2026-01-01 06:31:00
58,18,6,view,2026-01-01 06:32:00
67,2,10,view,2026-01-01 06:33:00
46,1,7,view,2026-01-01 06:34:00
24,47,4,view,2026-01-01 06:35:00
32,5,8,view,2026-01-01 06:36:00
47,20,5,view,2026-01-01 06:37:00
86,11,1,buy,2026-01-01 06:38:00
23,42,4,fav,2026-01-01 06:39:00
66,2,3,view,2026-01-01 06:40:00
27,3,9,view,2026-01-01 06:41:00
2,23,8,view,2026-01-01 06:42:00
90,12,1,view,2026-01-01 06:43:00
17,20,6,view,2026-01-01 06:44:00
33,5,9,view,2026-01-01 06:45:00
9,37,7,view,2026-01-01 06:46:00
43,38,4,view,2026-01-01 06:47:00
48,30,1,view,2026-01-01 06:48:00
39,9,2,buy,2026-01-01 06:49:00
93,34,5,fav,2026-01-01 06:50:00
42,44,5,view,2026-01-01 06:51:00
26,35,8,view,2026-01-01 06:52:00
99,22,6,fav,2026-01-01 06:53:00
50,44,8,view,2026-01-01 06:54:00
25,24,2,cart,2026-01-01 06:55:00
24,17,3,view,2026-01-01 06:56:00
13,10,6,cart,2026-01-01 06:57:00
60,30,10,view,2026-01-01 06:58:00
7,46,3,fav,2026-01-01 06:59:00
57,23,6,fav,2026-01-01 07:00:00
36,32,6,view,2026-01-01 07:01:00
45,17,2,view,2026-01-01 07:02:00
20,50,7,buy,2026-01-01 07:03:00
65,17,2,view,2026-01-01 07:04:00
8,14,6,fav,2026-01-01 07:05:00
16,9,1,view,2026-01-01 07:06:00
14,40,3,view,2026-01-01 07:07:00
76,2,2,view,2026-01-01 07:08:00
87,45,7,view,2026-01-01 07:09:00
15,25,4,cart,2026-01-01 07:10:00
92,39,8,view,2026-01-01 07:11:00
98,9,6,view,2026-01-01 07:12:00
66,22,10,view,2026-01-01 07:13:00
32,43,4,view,2026-01-01 07:14:00
87,46,5,fav,2026-01-01 07:15:00
63,4,9,buy,2026-01-01 07:16:00
86,26,7,view,2026-01-01 07:17:00
51,29,10,cart,2026-01-01 07:18:00
25,45,9,cart,2026-01-01 07:19:00
58,34,7,view,2026-01-01 07:20:00
63,23,1,buy,2026-01-01 07:21:00
62,37,8,view,2026-01-01 07:22:00
22,11,4,view,2026-01-01 07:23:00
58,6,3,fav,2026-01-01 07:24:00
58,18,7,view,2026-01-01 07:25:00
86,21,3,cart,2026-01-01 07:26:00
49,42,8,fav,2026-01-01 07:27:00
52,36,6,view,2026-01-01 07:28:00
42,41,5,fav,2026-01-01 07:29:00
70,38,4,view,2026-01-01 07:30:00
15,34,8,view,2026-01-01 07:31:00
54,17,8,view,2026-01-01 07:32:00
60,37,1,fav,2026-01-01 07:33:00
97,25,9,view,2026-01-01 07:34:00
8,38,5,view,2026-01-01 07:35:00
53,12,4,view,2026-01-01 07:36:00
60,23,6,view,2026-01-01 07:37:00
5,42,6,view,2026-01-01 07:38:00
68,22,2,view,2026-01-01 07:39:00
6,21,8,view,2026-01-01 07:40:00
96,27,7,view,2026-01-01 07:41:00
94,31,1,cart,2026-01-01 07:42:00
47,6,5,view,2026-01-01 07:43:00
99,27,6,view,2026-01-01 07:44:00
55,40,4,buy,2026-01-01 07:45:00
40,34,2,view,2026-01-01 07:46:00
52,12,4,buy,2026-01-01 07:47:00
16,45,1,view,2026-01-01 07:48:00
13,7,7,cart,2026-01-01 07:49:00
30,10,2,view,2026-01-01 07:50:00
19,45,2,view,2026-01-01 07:51:00
17,17,9,view,2026-01-01 07:52:00
63,26,5,cart,2026-01-01 07:53:00
19,21,2,view,2026-01-01 07:54:00
92,28,9,view,2026-01-01 07:55:00
58,46,9,cart,2026-01-01 07:56:00
55,2,1,cart,2026-01-01 07:57:00
90,43,3,view,2026-01-01 07:58:00
90,1,4,cart,2026-01-01 07:59:00
62,36,7,cart,2026-01-01 08:00:00
23,26,10,view,2026-01-01 08:01:00
9,29,4,view,2026-01-01 08:02:00
12,21,2,view,2026-01-01 08:03:00
1,11,7,view,2026-01-01 08:04:00
58,40,6,view,2026-01-01 08:05:00
1,11,3,view,2026-01-01 08:06:00
34,36,6,view,2026-01-01 08:07:00
96,49,6,view,2026-01-01 08:08:00
48,39,5,view,2026-01-01 08:09:00
89,40,4,cart,2026-01-01 08:10:00
1,35,10,fav,2026-01-01 08:11:00
16,34,1,view,2026-01-01 08:12:00
61,47,10,buy,2026-01-01 08:13:00
64,24,6,view,2026-01-01 08:14:00
63,22,2,view,2026-01-01 08:15:00
69,5,3,view,2026-01-01 08:16:00
22,33,8,view,2026-01-01 08:17:00
93,36,10,cart,2026-01-01 08:18:00
67,47,6,view,2026-01-01 08:19:00
76,20,3,view,2026-01-01 08:20:00
26,19,7,view,2026-01-01 08:21:00
16,35,4,view,2026-01-01 08:22:00
51,43,9,view,2026-01-01 08:23:00
86,17,5,view,2026-01-01 08:24:00
57,45,3,view,2026-01-01 08:25:00
29,43,2,cart,2026-01-01 08:26:00
78,34,2,fav,2026-01-01 08:27:00
92,9,3,view,2026-01-01 08:28:00
69,26,2,fav,2026-01-01 08:29:00
47,2,4,view,2026-01-01 08:30:00
94,9,2,view,2026-01-01 08:31:00
62,9,10,view,2026-01-01 08:32:00
69,40,9,view,2026-01-01 08:33:00
76,17,2,buy,2026-01-01 08:34:00
16,1,9,view,2026-01-01 08:35:00
90,25,6,view,2026-01-01 08:36:00
90,43,1,view,2026-01-01 08:37:00
48,40,4,view,2026-01-01 08:38:00
85,42,1,fav,2026-01-01 08:39:00
39,25,6,view,2026-01-01 08:40:00
100,39,4,view,2026-01-01 08:41:00
33,35,3,view,2026-01-01 08:42:00
94,3,3,view,2026-01-01 08:43:00
23,50,9,view,2026-01-01 08:44:00
10,37,6,view,2026-01-01 08:45:00
69,44,9,view,2026-01-01 08:46:00
100,44,5,view,2026-01-01 08:47:00
34,30,2,cart,2026-01-01 08:48:00
52,38,8,cart,2026-01-01 08:49:00
95,34,5,view,2026-01-01 08:50:00
10,12,2,view,2026-01-01 08:51:00
19,19,4,view,2026-01-01 08:52:00
58,37,9,cart,2026-01-01 08:53:00
96,44,4,view,2026-01-01 08:54:00
1,49,4,view,2026-01-01 08:55:00
69,17,2,view,2026-01-01 08:56:00
4,10,6,view,2026-01-01 08:57:00
16,49,2,view,2026-01-01 08:58:00
24,47,7,view,2026-01-01 08:59:00
80,12,3,view,2026-01-01 09:00:00
2,16,3,view,2026-01-01 09:01:00
92,24,5,view,2026-01-01 09:02:00
32,19,3,view,2026-01-01 09:03:00
91,8,2,view,2026-01-01 09:04:00
84,31,10,view,2026-01-01 09:05:00
24,21,9,view,2026-01-01 09:06:00
12,17,2,view,2026-01-01 09:07:00
50,23,2,cart,2026-01-01 09:08:00
35,37,8,view,2026-01-01 09:09:00
33,16,9,view,2026-01-01 09:10:00
33,6,7,view,2026-01-01 09:11:00
61,8,3,view,2026-01-01 09:12:00
51,25,9,view,2026-01-01 09:13:00
43,18,3,view,2026-01-01 09:14:00
12,25,5,view,2026-01-01 09:15:00
67,12,9,cart,2026-01-01 09:16:00
65,15,3,view,2026-01-01 09:17:00
33,26,7,cart,2026-01-01 09:18:00
40,41,1,fav,2026-01-01 09:19:00
74,45,4,view,2026-01-01 09:20:00
43,26,4,fav,2026-01-01 09:21:00
44,47,7,view,2026-01-01 09:22:00
29,32,8,buy,2026-01-01 09:23:00
13,10,1,view,2026-01-01 09:24:00
12,16,5,view,2026-01-01 09:25:00
95,7,7,view,2026-01-01 09:26:00
46,17,4,view,2026-01-01 09:27:00
2,23,4,view,2026-01-01 09:28:00
35,26,4,view,2026-01-01 09:29:00
87,21,6,view,2026-01-01 09:30:00
81,22,7,view,2026-01-01 09:31:00
90,7,2,view,2026-01-01 09:32:00
8,14,5,view,2026-01-01 09:33:00
93,15,4,buy,2026-01-01 09:34:00
26,7,3,cart,2026-01-01 09:35:00
74,9,7,buy,2026-01-01 09:36:00
90,48,6,view,2026-01-01 09:37:00
34,8,7,view,2026-01-01 09:38:00
7,50,5,view,2026-01-01 09:39:00
68,23,6,cart,2026-01-01 09:40:00
58,29,5,view,2026-01-01 09:41:00
75,18,7,view,2026-01-01 09:42:00
29,31,2,view,2026-01-01 09:43:00
36,30,5,buy,2026-01-01 09:44:00
89,39,6,view,2026-01-01 09:45:00
21,35,6,view,2026-01-01 09:46:00
36,18,5,view,2026-01-01 09:47:00
10,42,10,view,2026-01-01 09:48:00
73,39,7,view,2026-01-01 09:49:00
24,17,10,view,2026-01-01 09:50:00
64,14,8,view,2026-01-01 09:51:00
99,31,7,cart,2026-01-01 09:52:00
49,24,5,view,2026-01-01 09:53:00
99,35,1,cart,2026-01-01 09:54:00
36,44,5,fav,2026-01-01 09:55:00
82,45,10,view,2026-01-01 09:56:00
96,34,2,view,2026-01-01 09:57:00
24,3,5,view,2026-01-01 09:58:00
23,37,5,fav,2026-01-01 09:59:00
62,43,2,view,2026-01-01 10:00:00
96,40,5,view,2026-01-01 10:01:00
37,26,4,view,2026-01-01 10:02:00
12,23,1,view,2026-01-01 10:03:00
55,44,3,view,2026-01-01 10:04:00
13,39,1,view,2026-01-01 10:05:00
23,15,5,view,2026-01-01 10:06:00
89,49,4,view,2026-01-01 10:07:00
99,4,7,view,2026-01-01 10:08:00
30,29,5,view,2026-01-01 10:09:00
17,22,10,view,2026-01-01 10:10:00
62,25,4,view,2026-01-01 10:11:00
84,13,2,fav,2026-01-01 10:12:00
89,18,4,view,2026-01-01 10:13:00
86,33,2,view,2026-01-01 10:14:00
13,16,8,view,2026-01-01 10:15:00
59,45,3,view,2026-01-01 10:16:00
19,42,9,view,2026-01-01 10:17:00
49,44,4,view,2026-01-01 10:18:00
100,2,6,cart,2026-01-01 10:19:00
12,35,10,view,2026-01-01 10:20:00
61,42,5,view,2026-01-01 10:21:00
19,34,10,view,2026-01-01 10:22:00
76,30,1,view,2026-01-01 10:23:00
9,13,9,view,2026-01-01 10:24:00
71,13,1,view,2026-01-01 10:25:00
28,18,8,view,2026-01-01 10:26:00
78,32,9,view,2026-01-01 10:27:00
95,32,9,view,2026-01-01 10:28:00
52,35,1,view,2026-01-01 10:29:00
83,39,2,view,2026-01-01 10:30:00
16,46,1,view,2026-01-01 10:31:00
69,29,10,buy,2026-01-01 10:32:00
99,49,2,view,2026-01-01 10:33:00
12,29,10,view,2026-01-01 10:34:00
25,44,8,view,2026-01-01 10:35:00
52,16,5,cart,2026-01-01 10:36:00
85,44,7,cart,2026-01-01 10:37:00
100,47,2,view,2026-01-01 10:38:00
53,10,8,buy,2026-01-01 10:39:00
23,30,6,view,2026-01-01 10:40:00
16,25,8,view,2026-01-01 10:41:00
57,39,1,cart,2026-01-01 10:42:00
39,20,1,cart,2026-01-01 10:43:00
53,5,7,view,2026-01-01 10:44:00
42,1,8,view,2026-01-01 10:45:00
58,30,3,view,2026-01-01 10:46:00
39,49,5,view,2026-01-01 10:47:00
14,3,1,cart,2026-01-01 10:48:00
95,45,7,view,2026-01-01 10:49:00
5,14,5,view,2026-01-01 10:50:00
35,30,8,view,2026-01-01 10:51:00
87,50,8,view,2026-01-01 10:52:00
93,4,9,view,2026-01-01 10:53:00
75,18,7,view,2026-01-01 10:54:00
18,37,1,buy,2026-01-01 10:55:00
76,25,3,cart,2026-01-01 10:56:00
9,48,8,view,2026-01-01 10:57:00
74,1,3,fav,2026-01-01 10:58:00
58,46,8,cart,2026-01-01 10:59:00
17,15,1,cart,2026-01-01 11:00:00
7,9,5,view,2026-01-01 11:01:00
46,15,4,view,2026-01-01 11:02:00
13,49,5,view,2026-01-01 11:03:00
40,24,8,view,2026-01-01 11:04:00
42,4,10,view,2026-01-01 11:05:00
9,12,4,view,2026-01-01 11:06:00
50,37,4,view,2026-01-01 11:07:00
27,37,3,view,2026-01-01 11:08:00
66,43,7,view,2026-01-01 11:09:00
5,6,3,view,2026-01-01 11:10:00
29,39,3,buy,2026-01-01 11:11:00
37,46,10,fav,2026-01-01 11:12:00
38,24,5,cart,2026-01-01 11:13:00
83,11,5,buy,2026-01-01 11:14:00
8,13,6,view,2026-01-01 11:15:00
65,34,8,buy,2026-01-01 11:16:00
86,25,10,view,2026-01-01 11:17:00
17,7,6,view,2026-01-01 11:18:00
71,4,1,view,2026-01-01 11:19:00
89,8,8,view,2026-01-01 11:20:00
45,20,8,view,2026-01-01 11:21:00
4,29,9,view,2026-01-01 11:22:00
36,45,9,cart,2026-01-01 11:23:00
70,46,2,view,2026-01-01 11:24:00
31,10,2,view,2026-01-01 11:25:00
19,43,3,cart,2026-01-01 11:26:00
61,34,1,view,2026-01-01 11:27:00
54,26,4,view,2026-01-01 11:28:00
39,41,4,view,2026-01-01 11:29:00
91,49,9,view,2026-01-01 11:30:00
74,3,9,view,2026-01-01 11:31:00
90,6,9,fav,2026-01-01 11:32:00
19,5,10,view,2026-01-01 11:33:00
39,5,7,view,2026-01-01 11:34:00
67,47,2,fav,2026-01-01 11:35:00
45,23,10,view,2026-01-01 11:36:00
13,49,5,view,2026-01-01 11:37:00
92,9,4,view,2026-01-01 11:38:00
58,35,8,view,2026-01-01 11:39:00
20,20,2,view,2026-01-01 11:40:00
92,49,6,view,2026-01-01 11:41:00
72,42,5,view,2026-01-01 11:42:00
61,35,2,buy,2026-01-01 11:43:00
39,50,10,view,2026-01-01 11:44:00
1,18,1,view,2026-01-01 11:45:00
3,17,8,view,2026-01-01 11:46:00
77,24,2,view,2026-01-01 11:47:00
92,3,7,view,2026-01-01 11:48:00
62,32,9,view,2026-01-01 11:49:00
63,35,9,cart,2026-01-01 11:50:00
25,38,8,view,2026-01-01 11:51:00
56,13,10,view,2026-01-01 11:52:00
33,47,9,view,2026-01-01 11:53:00
38,25,2,view,2026-01-01 11:54:00
6,9,6,view,2026-01-01 11:55:00
58,4,4,view,2026-01-01 11:56:00
44,14,4,view,2026-01-01 11:57:00
45,37,5,view,2026-01-01 11:58:00
32,34,3,cart,2026-01-01 11:59:00
45,11,1,buy,2026-01-01 12:00:00
61,41,8,cart,2026-01-01 12:01:00
47,3,5,fav,2026-01-01 12:02:00
21,28,3,view,2026-01-01 12:03:00
80,29,10,buy,2026-01-01 12:04:00
85,9,7,view,2026-01-01 12:05:00
75,3,7,buy,2026-01-01 12:06:00
36,25,1,buy,2026-01-01 12:07:00
99,34,9,view,2026-01-01 12:08:00
19,12,2,buy,2026-01-01 12:09:00
20,42,5,view,2026-01-01 12:10:00
57,9,5,view,2026-01-01 12:11:00
18,15,8,view,2026-01-01 12:12:00
47,40,8,view,2026-01-01 12:13:00
49,25,7,view,2026-01-01 12:14:00
14,5,7,view,2026-01-01 12:15:00
15,11,6,buy,2026-01-01 12:16:00
31,34,6,view,2026-01-01 12:17:00
1,24,9,cart,2026-01-01 12:18:00
54,15,6,fav,2026-01-01 12:19:00
3,38,2,fav,2026-01-01 12:20:00
16,8,2,buy,2026-01-01 12:21:00
87,5,5,view,2026-01-01 12:22:00
57,48,4,buy,2026-01-01 12:23:00
75,26,2,cart,2026-01-01 12:24:00
12,18,3,view,2026-01-01 12:25:00
74,6,7,view,2026-01-01 12:26:00
96,37,8,view,2026-01-01 12:27:00
16,48,6,view,2026-01-01 12:28:00
72,13,5,view,2026-01-01 12:29:00
76,28,1,view,2026-01-01 12:30:00
24,5,8,view,2026-01-01 12:31:00
28,13,3,view,2026-01-01 12:32:00
8,17,6,cart,2026-01-01 12:33:00
92,50,3,view,2026-01-01 12:34:00
36,40,7,view,2026-01-01 12:35:00
90,45,7,view,2026-01-01 12:36:00
8,32,9,view,2026-01-01 12:37:00
58,29,5,fav,2026-01-01 12:38:00
60,3,8,view,2026-01-01 12:39:00
50,40,10,view,2026-01-01 12:40:00
28,34,10,view,2026-01-01 12:41:00
92,40,8,view,2026-01-01 12:42:00
41,27,1,cart,2026-01-01 12:43:00
100,13,5,view,2026-01-01 12:44:00
64,45,3,view,2026-01-01 12:45:00
27,33,1,view,2026-01-01 12:46:00
63,6,4,view,2026-01-01 12:47:00
17,24,8,view,2026-01-01 12:48:00
73,19,3,view,2026-01-01 12:49:00
33,16,10,view,2026-01-01 12:50:00
84,40,2,view,2026-01-01 12:51:00
77,28,9,view,2026-01-01 12:52:00
92,33,10,fav,2026-01-01 12:53:00
29,48,5,buy,2026-01-01 12:54:00
13,41,7,view,2026-01-01 12:55:00
46,13,2,cart,2026-01-01 12:56:00
35,43,9,view,2026-01-01 12:57:00
6,45,9,view,2026-01-01 12:58:00
82,25,4,cart,2026-01-01 12:59:00
69,42,4,fav,2026-01-01 13:00:00
47,36,6,buy,2026-01-01 13:01:00
25,27,10,view,2026-01-01 13:02:00
66,38,10,view,2026-01-01 13:03:00
10,7,10,cart,2026-01-01 13:04:00
56,5,6,view,2026-01-01 13:05:00
30,43,1,view,2026-01-01 13:06:00
5,45,9,view,2026-01-01 13:07:00
33,31,2,view,2026-01-01 13:08:00
65,23,5,view,2026-01-01 13:09:00
18,42,9,view,2026-01-01 13:10:00
96,10,4,fav,2026-01-01 13:11:00
49,32,3,view,2026-01-01 13:12:00
11,43,7,view,2026-01-01 13:13:00
85,30,6,view,2026-01-01 13:14:00
26,39,8,view,2026-01-01 13:15:00
63,31,3,view,2026-01-01 13:16:00
89,18,5,view,2026-01-01 13:17:00
86,36,10,fav,2026-01-01 13:18:00
59,2,4,view,2026-01-01 13:19:00
27,14,4,buy,2026-01-01 13:20:00
49,13,4,view,2026-01-01 13:21:00
77,29,10,view,2026-01-01 13:22:00
33,12,8,view,2026-01-01 13:23:00
98,39,6,view,2026-01-01 13:24:00
99,2,3,cart,2026-01-01 13:25:00
1,32,10,view,2026-01-01 13:26:00
21,13,5,view,2026-01-01 13:27:00
55,46,6,fav,2026-01-01 13:28:00
6,27,5,fav,2026-01-01 13:29:00
92,49,6,fav,2026-01-01 13:30:00
81,41,8,view,2026-01-01 13:31:00
69,17,7,cart,2026-01-01 13:32:00
95,40,5,view,2026-01-01 13:33:00
5,31,10,view,2026-01-01 13:34:00
3,34,6,view,2026-01-01 13:35:00
53,24,4,view,2026-01-01 13:36:00
23,45,9,view,2026-01-01 13:37:00
53,35,4,view,2026-01-01 13:38:00
37,48,1,fav,2026-01-01 13:39:00
74,6,7,view,2026-01-01 13:40:00
74,19,7,view,2026-01-01 13:41:00
83,30,4,view,2026-01-01 13:42:00
17,7,3,fav,2026-01-01 13:43:00
85,10,8,view,2026-01-01 13:44:00
78,41,5,view,2026-01-01 13:45:00
73,32,10,cart,2026-01-01 13:46:00
1,34,7,cart,2026-01-01 13:47:00
51,28,4,view,2026-01-01 13:48:00
45,15,4,view,2026-01-01 13:49:00
77,30,8,cart,2026-01-01 13:50:00
4,37,8,view,2026-01-01 13:51:00
62,29,2,view,2026-01-01 13:52:00
65,22,2,fav,2026-01-01 13:53:00
32,4,3,view,2026-01-01 13:54:00
34,20,3,view,2026-01-01 13:55:00
92,32,1,view,2026-01-01 13:56:00
95,36,3,view,2026-01-01 13:57:00
72,50,6,view,2026-01-01 13:58:00
39,4,8,cart,2026-01-01 13:59:00
26,27,10,view,2026-01-01 14:00:00
34,17,6,view,2026-01-01 14:01:00
54,12,5,view,2026-01-01 14:02:00
3,22,4,view,2026-01-01 14:03:00
50,17,3,buy,2026-01-01 14:04:00
12,10,4,view,2026-01-01 14:05:00
65,1,7,view,2026-01-01 14:06:00
54,22,1,view,2026-01-01 14:07:00
5,26,7,view,2026-01-01 14:08:00
94,18,1,view,2026-01-01 14:09:00
94,50,2,view,2026-01-01 14:10:00
57,14,4,buy,2026-01-01 14:11:00
17,47,1,view,2026-01-01 14:12:00
47,29,9,view,2026-01-01 14:13:00
23,12,6,view,2026-01-01 14:14:00
79,36,1,cart,2026-01-01 14:15:00
85,35,1,view,2026-01-01 14:16:00
14,12,6,view,2026-01-01 14:17:00
66,7,4,view,2026-01-01 14:18:00
75,29,4,view,2026-01-01 14:19:00
51,11,6,cart,2026-01-01 14:20:00
38,33,7,view,2026-01-01 14:21:00
64,6,9,view,2026-01-01 14:22:00
98,47,10,fav,2026-01-01 14:23:00
38,15,5,cart,2026-01-01 14:24:00
50,32,9,buy,2026-01-01 14:25:00
98,11,4,cart,2026-01-01 14:26:00
82,23,10,view,2026-01-01 14:27:00
30,26,2,view,2026-01-01 14:28:00
79,34,3,view,2026-01-01 14:29:00
91,46,1,view,2026-01-01 14:30:00
51,34,6,view,2026-01-01 14:31:00
63,29,6,view,2026-01-01 14:32:00
98,4,1,view,2026-01-01 14:33:00
52,17,3,cart,2026-01-01 14:34:00
38,35,5,view,2026-01-01 14:35:00
97,13,3,buy,2026-01-01 14:36:00
88,41,10,view,2026-01-01 14:37:00
79,39,3,view,2026-01-01 14:38:00
30,15,10,view,2026-01-01 14:39:00
51,29,3,view,2026-01-01 14:40:00
81,29,5,view,2026-01-01 14:41:00
5,11,5,cart,2026-01-01 14:42:00
29,32,4,view,2026-01-01 14:43:00
4,2,1,view,2026-01-01 14:44:00
10,47,5,view,2026-01-01 14:45:00
56,14,10,view,2026-01-01 14:46:00
17,20,5,fav,2026-01-01 14:47:00
74,22,4,cart,2026-01-01 14:48:00
17,11,6,view,2026-01-01 14:49:00
84,27,10,view,2026-01-01 14:50:00
88,3,4,view,2026-01-01 14:51:00
69,17,7,fav,2026-01-01 14:52:00
34,44,7,view,2026-01-01 14:53:00
6,28,2,view,2026-01-01 14:54:00
53,29,3,fav,2026-01-01 14:55:00
66,21,1,view,2026-01-01 14:56:00
77,47,8,cart,2026-01-01 14:57:00
43,16,9,view,2026-01-01 14:58:00
75,37,4,view,2026-01-01 14:59:00
23,20,6,view,2026-01-01 15:00:00
55,6,9,buy,2026-01-01 15:01:00
80,19,6,fav,2026-01-01 15:02:00
95,5,9,view,2026-01-01 15:03:00
75,3,4,view,2026-01-01 15:04:00
16,1,8,view,2026-01-01 15:05:00
8,38,9,fav,2026-01-01 15:06:00
4,15,4,view,2026-01-01 15:07:00
4,34,5,view,2026-01-01 15:08:00
56,35,8,view,2026-01-01 15:09:00
25,49,10,cart,2026-01-01 15:10:00
67,25,6,view,2026-01-01 15:11:00
96,24,7,view,2026-01-01 15:12:00
67,12,3,view,2026-01-01 15:13:00
27,18,7,cart,2026-01-01 15:14:00
93,15,8,view,2026-01-01 15:15:00
32,44,10,view,2026-01-01 15:16:00
50,16,6,buy,2026-01-01 15:17:00
61,27,10,view,2026-01-01 15:18:00
51,8,9,view,2026-01-01 15:19:00
19,46,6,view,2026-01-01 15:20:00
21,25,9,cart,2026-01-01 15:21:00
5,17,4,view,2026-01-01 15:22:00
82,29,8,buy,2026-01-01 15:23:00
92,8,4,view,2026-01-01 15:24:00
42,15,2,view,2026-01-01 15:25:00
61,27,10,view,2026-01-01 15:26:00
22,46,9,fav,2026-01-01 15:27:00
21,50,5,view,2026-01-01 15:28:00
70,7,4,cart,2026-01-01 15:29:00
1,3,2,view,2026-01-01 15:30:00
5,29,1,view,2026-01-01 15:31:00
12,44,7,view,2026-01-01 15:32:00
90,24,6,fav,2026-01-01 15:33:00
46,3,2,view,2026-01-01 15:34:00
34,20,8,view,2026-01-01 15:35:00
49,46,4,view,2026-01-01 15:36:00
78,15,8,fav,2026-01-01 15:37:00
90,25,7,view,2026-01-01 15:38:00
45,30,5,cart,2026-01-01 15:39:00
27,14,10,view,2026-01-01 15:40:00
73,7,10,view,2026-01-01 15:41:00
26,17,8,view,2026-01-01 15:42:00
47,44,9,cart,2026-01-01 15:43:00
86,20,5,fav,2026-01-01 15:44:00
56,36,10,view,2026-01-01 15:45:00
94,9,5,view,2026-01-01 15:46:00
63,38,2,view,2026-01-01 15:47:00
48,48,5,view,2026-01-01 15:48:00
61,22,3,view,2026-01-01 15:49:00
81,2,7,view,2026-01-01 15:50:00
26,24,10,view,2026-01-01 15:51:00
36,8,5,view,2026-01-01 15:52:00
1,11,8,view,2026-01-01 15:53:00
8,13,1,view,2026-01-01 15:54:00
99,17,3,view,2026-01-01 15:55:00
52,8,3,view,2026-01-01 15:56:00
79,21,9,cart,2026-01-01 15:57:00
47,18,5,view,2026-01-01 15:58:00
56,30,9,view,2026-01-01 15:59:00
86,18,9,view,2026-01-01 16:00:00
14,46,1,view,2026-01-01 16:01:00
90,47,2,view,2026-01-01 16:02:00
28,31,5,view,2026-01-01 16:03:00
87,38,4,fav,2026-01-01 16:04:00
78,32,10,view,2026-01-01 16:05:00
88,11,9,view,2026-01-01 16:06:00
2,45,7,view,2026-01-01 16:07:00
26,25,6,view,2026-01-01 16:08:00
14,33,7,view,2026-01-01 16:09:00
59,38,1,cart,2026-01-01 16:10:00
56,41,1,view,2026-01-01 16:11:00
7,8,8,view,2026-01-01 16:12:00
3,11,2,view,2026-01-01 16:13:00
23,22,10,view,2026-01-01 16:14:00
18,24,9,buy,2026-01-01 16:15:00
38,41,7,view,2026-01-01 16:16:00
99,17,6,view,2026-01-01 16:17:00
15,12,1,view,2026-01-01 16:18:00
64,46,1,buy,2026-01-01 16:19:00
89,32,2,view,2026-01-01 16:20:00
28,15,6,view,2026-01-01 16:21:00
74,16,6,view,2026-01-01 16:22:00
39,22,2,view,2026-01-01 16:23:00
57,28,1,view,2026-01-01 16:24:00
17,20,10,view,2026-01-01 16:25:00
86,33,5,view,2026-01-01 16:26:00
90,10,5,view,2026-01-01 16:27:00
44,40,2,view,2026-01-01 16:28:00
25,32,6,view,2026-01-01 16:29:00
17,50,9,view,2026-01-01 16:30:00
13,33,2,view,2026-01-01 16:31:00
84,2,10,view,2026-01-01 16:32:00
25,33,2,buy,2026-01-01 16:33:00
68,33,3,view,2026-01-01 16:34:00
10,41,7,view,2026-01-01 16:35:00
67,13,6,view,2026-01-01 16:36:00
18,30,8,buy,2026-01-01 16:37:00
100,33,8,view,2026-01-01 16:38:00
86,13,6,view,2026-01-01 16:39:00
